Ticker,ShortName,Sector,Region,Country,AverageRating
AAUK,Anglo Amern plc,Basic Materials,Europe,United Kingdom,Speculative Grade
ABE,Abertis Infraestructuras SA,Industrials,Europe,Spain,Medium Grade
ABHLTD,Alliance Boots Hldgs Ltd,Consumer Services,Europe,United Kingdom,Medium Grade
ACAFP,Cr Agricole SA,Financials,Europe,France,High Grade
ACAFP-CIB,Cr Agricole Corporate and Invt Bk,Financials,Europe,France,Medium Grade
ACCOR,ACCOR,Consumer Services,Europe,France,Medium Grade
ACEA,Acea Spa,Utilities,Europe,Italy,Medium Grade
ADIG,adidas AG,Consumer Goods,Europe,Germany,High Grade
AEGON,Aegon N.V.,Financials,Europe,Netherlands,Medium Grade
AF,AIR FRANCE - KLM,Consumer Services,Europe,France,Speculative Grade
AF-AirFrance,SOCIETE AIR FRANCE,Consumer Services,Europe,France,Speculative Grade
AGASSA,ageas SA NV,Financials,Europe,Belgium,High Grade
AGS,AGBAR,Utilities,Europe,Spain,Medium Grade
AGS-Intl,Agbar Intl BV,Utilities,Europe,Netherlands,Medium Grade
AIRLIQ,L AIR LIQUIDE SA POUR LTDE EXPLTN PROCDS GEORGS CLDE,Basic Materials,Europe,France,Medium Grade
AKZO,AKZO Nobel N V,Basic Materials,Europe,Netherlands,Medium Grade
AKZO-ICILD,IMPERIAL Chem Inds Ltd,Basic Materials,Europe,United Kingdom,Medium Grade
ALCLCT,Alcatel Lucent,Technology,Europe,France,Medium Grade
ALINDR,Alliander NV,Utilities,Europe,Netherlands,High Grade
ALPHBK,ALPHA Bk AE,Financials,Europe,Greece,Medium Grade
ALSTOM,ALSTOM,Industrials,Europe,France,Medium Grade
ALT,ALTADIS SA,Consumer Goods,Europe,Spain,Medium Grade
ALYD,ALLIED DOMECQ LTD,Consumer Goods,Europe,United Kingdom,Medium Grade
ALZSE,Allianz SE,Financials,Europe,Germany,High Grade
AMROBK,ABN AMRO Bk NV,Financials,Europe,Netherlands,High Grade
ANGLIA,Nationwide Bldg Soc,Financials,Europe,United Kingdom,High Grade
ARMLL,ArcelorMittal,Basic Materials,Europe,Luxembourg,Medium Grade
ARMLL-FRA,ARCELORMITTAL FRANCE,Basic Materials,Europe,France,Speculative Grade
ARMLL-Fin,ArcelorMittal Fin,Basic Materials,Europe,Luxembourg,Medium Grade
ASSAAB,ASSA ABLOY AB,Industrials,Europe,Sweden,Medium Grade
ASSGEN,Assicurazioni Generali S p A,Financials,Europe,Italy,Medium Grade
ATCOA,Atlas Copco AB,Industrials,Europe,Sweden,High Grade
ATSPA,ATLANTIA SPA,Industrials,Europe,Italy,Medium Grade
AUST,Rep Austria,Government,Europe,Austria,Medium Grade
AVLN,Aviva plc,Financials,Europe,United Kingdom,High Grade
AWLN-AngWatServ,Anglian Wtr Svcs Ltd,Utilities,Europe,United Kingdom,Medium Grade
AXAF,AXA,Financials,Europe,France,Medium Grade
AYLL,SAFEWAY LTD,Consumer Services,Europe,United Kingdom,Medium Grade
AZN,Astrazeneca PLC,Health Care,Europe,United Kingdom,High Grade
BAB,Brit Awys plc,Consumer Services,Europe,United Kingdom,Medium Grade
BACR-Bank,Barclays Bk plc,Financials,Europe,United Kingdom,High Grade
BACRED,Mediobanca SpA,Financials,Europe,Italy,Medium Grade
BAD,EnBW Energie Baden Wuerttemberg AG,Utilities,Europe,Germany,High Grade
BANSAB,Bco de Sabadell S A,Financials,Europe,Spain,Medium Grade
BAPLC,BAE Sys PLC,Industrials,Europe,United Kingdom,Speculative Grade
BASFSE,BASF SE,Basic Materials,Europe,Germany,High Grade
BATSLN,Brit Amern Tob plc,Consumer Goods,Europe,United Kingdom,Medium Grade
BBVSM,Bco Bilbao Vizcaya Argentaria S A,Financials,Europe,Spain,High Grade
BCPN,Bco Comercial Portugues SA,Financials,Europe,Portugal,Medium Grade
BELG,Kdom Belgium,Government,Europe,Belgium,Medium Grade
BFCM,Bqe Federative Du Cr Mutuel,Financials,Europe,France,High Grade
BKIR,Gov & Co Bk Irlnd,Financials,Europe,Ireland,Medium Grade
BKTSM,Bankinter S A,Financials,Europe,Spain,Medium Grade
BMW,Bay Motoren Werke AG,Consumer Goods,Europe,Germany,High Grade
BNCBPI,Bco BPI SA,Financials,Europe,Portugal,Medium Grade
BNP,BNP Paribas,Financials,Europe,France,High Grade
BOCGP,BOC GROUP Ltd,Basic Materials,Europe,United Kingdom,Speculative Grade
BOUY,BOUYGUES,Industrials,Europe,France,Medium Grade
BPBL,BPB Ltd,Industrials,Europe,United Kingdom,High Grade
BPLN,BP P.L.C.,Oil & Gas,Europe,United Kingdom,Medium Grade
BRISA,Brisa Auto Estradas de Portugal S A,Industrials,Europe,Portugal,Speculative Grade
BRITEL-BritTel,Brit Telecom PLC,Telecommunications,Europe,United Kingdom,High Grade
BRITLD,Brit Ld Co plc,Financials,Europe,United Kingdom,Medium Grade
BRYBDC,Carlsberg A S,Consumer Goods,Europe,Denmark,Medium Grade
BRYBDC-Brew,Carlsberg Breweries A S,Consumer Goods,Europe,Denmark,High Grade
BSFSHW,BASF Schweiz AG,Basic Materials,Europe,Switzerland,Medium Grade
BWGPSK,BAWAG P.S.K,Financials,Europe,Austria,Medium Grade
BYIF,Bayer AG,Health Care,Europe,Germany,High Grade
BYLAN,Bay Landbk Giroz,Financials,Europe,Germany,Medium Grade
CAJAME,Caja de Ahorros del Mediterraneo,Financials,Europe,Spain,Medium Grade
CARR,Carrefour,Consumer Services,Europe,France,High Grade
CAWILD,CABLE WIRELESS LTD,Telecommunications,Europe,United Kingdom,Medium Grade
CCBP-NATIXI,NATIXIS,Financials,Europe,France,High Grade
CCLL,Carnival Plc,Consumer Services,Europe,United Kingdom,Medium Grade
CENTRI,Centrica plc,Utilities,Europe,United Kingdom,Medium Grade
CIRINT,CIR SpA CIE Industriali Riunite,Utilities,Europe,Italy,Speculative Grade
CLAR,Clariant AG,Basic Materials,Europe,Switzerland,Medium Grade
CMFP,Ciments Francais,Industrials,Europe,France,Speculative Grade
CMZB,Commerzbank AG,Financials,Europe,Germany,Medium Grade
CONTI,Contl AG,Consumer Goods,Europe,Germany,Medium Grade
CPGLN,Compass Gp PLC,Consumer Services,Europe,United Kingdom,High Grade
CSGAG,Credit Suisse Gp Ltd,Financials,Europe,Switzerland,Medium Grade
CTSGL,COLT Tech SERVICES GROUP Ltd,Telecommunications,Europe,United Kingdom,Medium Grade
CXGD,Caixa Geral de Depositos S A,Financials,Europe,Portugal,Medium Grade
CYPRUS,Rep Cyprus,Government,Europe,Cyprus,Medium Grade
DAA,Deutsche Apotheker Und Aerz,Financials,Europe,Germany,Medium Grade
DAMLR,Daimler AG,Consumer Goods,Europe,Germany,Medium Grade
DANBNK,Danske Bk A S,Financials,Europe,Denmark,High Grade
DANONE,DANONE,Consumer Goods,Europe,France,Medium Grade
DB,Deutsche Bk AG,Financials,Europe,Germany,High Grade
DBB,Deutsche Bahn AG,Consumer Services,Europe,Germany,High Grade
DBR,Fed Rep Germany,Government,Europe,Germany,Medium Grade
DENK,Kdom Denmark,Government,Europe,Denmark,Medium Grade
DEPFA-Bank,DEPFA Bk Plc,Financials,Europe,Ireland,Medium Grade
DEXGRP-CredLoc,Dexia Cr Loc,Financials,Europe,France,Medium Grade
DEXO,SODEXO,Consumer Services,Europe,France,Medium Grade
DFHH,DEBENHAMS Fin Hldgs Ltd,Consumer Services,Europe,United Kingdom,Medium Grade
DIAG,Diageo PLC,Consumer Goods,Europe,United Kingdom,Speculative Grade
DMGOLN,Daily Mail & Gen Tr Plc,Consumer Services,Europe,United Kingdom,Speculative Grade
DPW,Deutsche Post AG,Industrials,Europe,Germany,High Grade
DT,Deutsche Telekom AG,Telecommunications,Europe,Germany,High Grade
DZBK,DZ Bk AG,Financials,Europe,Germany,Medium Grade
EDF,ELECTRICITE DE FRANCE,Utilities,Europe,France,High Grade
EDP,EDP Energias de Portugal SA,Utilities,Europe,Portugal,Medium Grade
EDP-FinBV,EDP Fin BV,Utilities,Europe,Netherlands,Medium Grade
ELEBEL,Electrabel,Utilities,Europe,Belgium,High Grade
ELESM,Endesa S A,Utilities,Europe,Spain,Medium Grade
ELIA,Elia Sys Operator SA NV,Utilities,Europe,Belgium,Medium Grade
ELIAC,Elisa Oyj,Telecommunications,Europe,Finland,Medium Grade
ELTLX,AB Electrolux,Consumer Goods,Europe,Sweden,Speculative Grade
EMIG,EMI Group Ltd,Consumer Services,Europe,United Kingdom,Speculative Grade
ENDP,Empresa Nacional de Petroleo,Oil & Gas,Europe,Spain,Medium Grade
ENEL,ENEL S p A,Utilities,Europe,Italy,Medium Grade
ENI,ENI S.p.A.,Oil & Gas,Europe,Italy,Medium Grade
EON-PWGLN,POWERGEN Ltd,Utilities,Europe,United Kingdom,Medium Grade
EON-UK,EON UK PLC,Utilities,Europe,United Kingdom,Medium Grade
ERGBA,Erste Group Bk AG,Financials,Europe,Austria,High Grade
ESS,Essent N V,Government,Europe,Netherlands,Medium Grade
EVRGSA,Evraz Group SA,Basic Materials,Europe,Luxembourg,Speculative Grade
EXPGRL-EXPFIN,EXPERIAN Fin PLC,Consumer Services,Europe,United Kingdom,Speculative Grade
F-FCEBank,FCE Bk PLC,Financials,Europe,United Kingdom,Medium Grade
FERRUZ,Edison S p A,Utilities,Europe,Italy,Medium Grade
FGPLN,Firstgroup plc,Consumer Services,Europe,United Kingdom,Medium Grade
FINL,Rep Finland,Government,Europe,Finland,Medium Grade
FORTUM,Fortum Oyj,Utilities,Europe,Finland,Medium Grade
FRTR,French Rep,Government,Europe,France,Medium Grade
FSEKGA,Fresenius SE & Co KGaA,Health Care,Europe,Germany,High Grade
GFCFP,Gecina,Financials,Europe,France,Medium Grade
GLCORE,Glencore Intl AG,Basic Materials,Europe,Switzerland,Medium Grade
GROHE,Grohe Hldg Gmbh,Industrials,Europe,Germany,Medium Grade
GROUPE,Casino Guichard Perrachon,Consumer Services,Europe,France,Unknown
GSK,Glaxosmithkline Plc,Health Care,Europe,United Kingdom,Speculative Grade
HAMRSN,Hammerson PLC,Financials,Europe,United Kingdom,High Grade
HAVAS,Havas,Consumer Services,Europe,France,Medium Grade
HBOS,HBOS Plc,Financials,Europe,United Kingdom,Speculative Grade
HBOS-ScotBkPLC,Bk OF SCOTLAND PLC,Financials,Europe,United Kingdom,High Grade
HEI,HeidelbergCement AG,Industrials,Europe,Germany,Medium Grade
HEI-HANSN,HANSON Ltd,Industrials,Europe,United Kingdom,Medium Grade
HEIANA,Heineken NV,Consumer Goods,Europe,Netherlands,High Grade
HEIANA-SCOT,SCOTTISH & NEWCASTLE Ltd,Consumer Goods,Europe,United Kingdom,Medium Grade
HENAGK,Henkel AG & Co KGaA,Basic Materials,Europe,Germany,High Grade
HESLAN,Landbk Hessen thueringen Giroz,Financials,Europe,Germany,High Grade
HOFP,THALES,Industrials,Europe,France,Medium Grade
HSBC,HSBC Hldgs plc,Financials,Europe,United Kingdom,High Grade
HSBC-HSBCBank,HSBC Bk plc,Financials,Europe,United Kingdom,High Grade
IBERDU,Iberdrola S A,Utilities,Europe,Spain,High Grade
IBERDU-Intl,Iberdrola Intl BV,Utilities,Europe,Netherlands,Medium Grade
IBERDU-ScotPwr,Scottish Pwr Ltd,Utilities,Europe,United Kingdom,Speculative Grade
ICELND,Rep Iceland,Government,Europe,Iceland,Medium Grade
IFX-HldgBV,Infineon Tech Hldg B V,Technology,Europe,Netherlands,Medium Grade
IHOT,INTERCONTINENTAL HOTELS LTD,Consumer Services,Europe,United Kingdom,Medium Grade
III,3i Gp plc,Financials,Europe,United Kingdom,Medium Grade
IKB,IKB Deutsche Industriebank AG,Financials,Europe,Germany,Medium Grade
INTNED,ING Groep NV,Financials,Europe,Netherlands,High Grade
INTNED-BankNV,ING Bk N V,Financials,Europe,Netherlands,High Grade
INVSA,Inv AB,Financials,Europe,Sweden,Speculative Grade
IRELND,Rep Irlnd,Government,Europe,Ireland,Medium Grade
ISSAS-Global,ISS Glob A S,Financials,Europe,Denmark,Medium Grade
ITALY,Rep Italy,Government,Europe,Italy,Medium Grade
ITV,ITV Plc,Consumer Services,Europe,United Kingdom,Speculative Grade
ITV-Carlton,CARLTON Comms Ltd,Consumer Services,Europe,United Kingdom,Medium Grade
JAPTOB-GGL,GALLAHER GROUP Ltd,Consumer Goods,Europe,United Kingdom,Medium Grade
KDSM,Koninklijke DSM NV,Basic Materials,Europe,Netherlands,Medium Grade
KEL-YorkWat,YORKSHIRE WATER SERVICES Ltd,Utilities,Europe,United Kingdom,Medium Grade
KEL-YorkWatfltd,YORKSHIRE WATER SERVICES Fin Ltd,Utilities,Europe,United Kingdom,Medium Grade
KINGFI,Kingfisher PLC,Consumer Services,Europe,United Kingdom,Medium Grade
KPN,Koninklijke KPN N V,Telecommunications,Europe,Netherlands,Medium Grade
KRCP-BankNV,KBC Bk,Financials,Europe,Belgium,Medium Grade
LAFCP,Lafarge,Industrials,Europe,France,Medium Grade
LAGARD,Lagardere Societes,Consumer Services,Europe,France,Medium Grade
LAND-SecPlc,Ld Secs PLC,Financials,Europe,United Kingdom,Medium Grade
LAVORO,Bca Naz del Lavoro S p A,Financials,Europe,Italy,Medium Grade
LAZIO,Lazio Region,Government,Europe,Italy,Medium Grade
LBTG-UPC,UPC Hldg BV,Consumer Services,Europe,Netherlands,Medium Grade
LBW,Landbk Baden Wuertbg,Financials,Europe,Germany,Medium Grade
LGEN,Legal & Gen Gp PLC,Financials,Europe,United Kingdom,Medium Grade
LGRDSA-frnc,Legrand France,Industrials,Europe,France,Speculative Grade
LIFP,Klepierre,Financials,Europe,France,High Grade
LINDE,Linde AG,Basic Materials,Europe,Germany,Speculative Grade
LMETEL,TelefonAB L M Ericsson,Technology,Europe,Sweden,Medium Grade
LNX,Lanxess,Basic Materials,Europe,Germany,Speculative Grade
LOREAL,L'Oreal,Consumer Goods,Europe,France,High Grade
LUFTHA,Deutsche Lufthansa AG,Consumer Services,Europe,Germany,Medium Grade
MANSE,MAN SE,Industrials,Europe,Germany,Speculative Grade
METSO,Metso Corp,Industrials,Europe,Finland,Medium Grade
MICHLN,CIE GENERALE des ETABLISSEMENTS MICHELIN,Consumer Goods,Europe,France,Speculative Grade
MKGA,Merck KGaA,Health Care,Europe,Germany,Medium Grade
MKS,MARKS & SPENCER GROUP PLC,Consumer Services,Europe,United Kingdom,Speculative Grade
MKS-M+SPlc,Marks & Spencer p l c,Consumer Services,Europe,United Kingdom,Speculative Grade
MOET,LVMH Moet Hennessy Louis Vuitton,Consumer Goods,Europe,France,High Grade
MONTE,Bca Monte dei Paschi di Siena S p A,Financials,Europe,Italy,Medium Grade
MUNRE,Munich Re,Financials,Europe,Germany,Medium Grade
NDB,Norddeutsche Landbk Girozentrale,Financials,Europe,Germany,High Grade
NESTLE,Nestle S A,Consumer Goods,Europe,Switzerland,High Grade
NETHRS,Kdom Neth,Government,Europe,Netherlands,Medium Grade
NGGPLC,Natl Grid Gas Plc,Utilities,Europe,United Kingdom,Medium Grade
NGP,Natl Grid Plc,Utilities,Europe,United Kingdom,Medium Grade
NGP-NGET,Natl Grid Electricity Transmission plc,Utilities,Europe,United Kingdom,High Grade
NIBBNK,NIBC Bk NV,Financials,Europe,Netherlands,Medium Grade
NIECO,Nielsen Co,Consumer Services,Europe,Netherlands,Medium Grade
NIPSHG-PILKING,PILKINGTON GROUP Ltd,Industrials,Europe,United Kingdom,Medium Grade
NOKIA,Nokia Oyj,Technology,Europe,Finland,Speculative Grade
NORWAY,Kdom Norway,Government,Europe,Norway,Medium Grade
NOVART,Novartis AG,Health Care,Europe,Switzerland,Medium Grade
NSINO,Norske Skogindustrier ASA,Basic Materials,Europe,Norway,Speculative Grade
NXP,NXP B.V.,Technology,Europe,Germany,Medium Grade
NXT,Next plc,Consumer Services,Europe,United Kingdom,Speculative Grade
OTE,Hellenic Telecom Org SA,Telecommunications,Europe,Greece,Medium Grade
PAUTO,Porsche Automobil Hldg SE,Consumer Goods,Europe,Germany,Medium Grade
PERNOD,Pernod Ricard,Consumer Goods,Europe,France,Medium Grade
PEUGOT,Peugeot SA,Consumer Goods,Europe,France,Speculative Grade
PEUGOT-BanqPsa,Bqe Psa Fin,Financials,Europe,France,Medium Grade
PIRELN,Pirelli & C SpA,Consumer Goods,Europe,Italy,Medium Grade
PORTUG,Rep Portugal,Government,Europe,Portugal,Medium Grade
PPWRC,Pub Pwr Corp SA,Utilities,Europe,Greece,Medium Grade
PREUSS,TUI AG,Consumer Services,Europe,Germany,Medium Grade
PRUFIN,Prudential PLC,Financials,Europe,United Kingdom,High Grade
PSON,Pearson plc,Consumer Services,Europe,United Kingdom,Speculative Grade
PUBFP,Publicis Groupe SA,Consumer Services,Europe,France,Medium Grade
RAGAG-EVODEG,Evonik Degussa GmbH,Basic Materials,Europe,Germany,Medium Grade
RBOSCH,Robert Bosch GmBH,Consumer Goods,Europe,Germany,Medium Grade
RDMB,Rodamco Europe NV,Financials,Europe,Netherlands,Medium Grade
RDNA-ShellPet,SHELL Pete N V,Oil & Gas,Europe,Netherlands,Medium Grade
RDNA-ShellPetLt,Shell Pete Co Ltd,Oil & Gas,Europe,United Kingdom,Medium Grade
RDSPLC,ROYAL DUTCH SHELL PLC,Oil & Gas,Europe,United Kingdom,Medium Grade
RECSA,Red Electrica Corporacion S A,Utilities,Europe,Spain,Medium Grade
RENAUL,Renault,Consumer Goods,Europe,France,Medium Grade
RENAUL-RCIBanq,RCI Bqe,Consumer Goods,Europe,France,Medium Grade
RENTPL,Rentokil Initial 1927 Plc,Industrials,Europe,United Kingdom,Medium Grade
RHEINM-Rheinmet,Rheinmetall AG,Consumer Goods,Europe,Germany,Medium Grade
RIOLN,Rio Tinto plc,Basic Materials,Europe,United Kingdom,Medium Grade
RNK,Rank Gp PLC,Consumer Services,Europe,United Kingdom,Medium Grade
RNTKIL,RENTOKIL INITIAL PLC,Industrials,Europe,United Kingdom,Medium Grade
ROLLS,Rolls Royce plc,Industrials,Europe,United Kingdom,Medium Grade
ROSW,Roche Hldg Ltd,Health Care,Europe,Switzerland,Medium Grade
RSA-InsPLC,Royal & Sun Alliance Ins PLC,Financials,Europe,United Kingdom,Medium Grade
RSAIG,RSA Ins GROUP PLC,Financials,Europe,United Kingdom,Speculative Grade
RXLDEV,REXEL Dev SAS,Industrials,Europe,France,Medium Grade
SANPAO,Intesa Sanpaolo SpA,Financials,Europe,Italy,Medium Grade
SANTNDR,Bco SANTANDER SA,Financials,Europe,Spain,High Grade
SANUK,SANTANDER UK PLC,Financials,Europe,United Kingdom,High Grade
SAPSJ-SGM,Sappi Papier Hldg GmBH,Basic Materials,Europe,Austria,Medium Grade
SBRY,J Sainsbury PLC,Consumer Services,Europe,United Kingdom,Medium Grade
SCACAP,Svenska Cellulosa AB SCA,Consumer Goods,Europe,Sweden,Speculative Grade
SCANIA,SCANIA AB,Industrials,Europe,Sweden,Speculative Grade
SCMNVX,Swisscom AG,Telecommunications,Europe,Switzerland,High Grade
SCORS,SCOR SE,Financials,Europe,France,High Grade
SCOTPO-Ukplc,Scottish Pwr UK PLC,Utilities,Europe,United Kingdom,Medium Grade
SEB,Skandinaviska Enskilda Banken AB,Financials,Europe,Sweden,High Grade
SECURI,Securitas AB,Industrials,Europe,Sweden,Medium Grade
SESG,SES,Telecommunications,Europe,Luxembourg,Medium Grade
SGCLN,Stagecoach Gp Plc,Consumer Services,Europe,United Kingdom,Medium Grade
SGRO,SEGRO PLC,Financials,Europe,United Kingdom,Medium Grade
SICILY,Region Sicily,Government,Europe,Italy,Medium Grade
SIEM,Siemens AG,Industrials,Europe,Germany,Speculative Grade
SKF,AB SKF,Industrials,Europe,Sweden,Medium Grade
SLTRW-Kelda,KELDA GROUP Ltd,Utilities,Europe,United Kingdom,Speculative Grade
SMIN,Smiths Gp Plc,Industrials,Europe,United Kingdom,Medium Grade
SOCGEN,Societe Generale,Financials,Europe,France,High Grade
SOLL,Soc Of Lloyd S,Financials,Europe,United Kingdom,Medium Grade
SOLVAY,Solvay SA,Basic Materials,Europe,Belgium,Medium Grade
SPAIN,Kdom Spain,Government,Europe,Spain,Medium Grade
STAN,STANDARD CHARTERED PLC,Financials,Europe,United Kingdom,High Grade
STAN-Bank,Std Chartered Bk,Financials,Europe,United Kingdom,High Grade
STB,Storebrand ASA,Financials,Europe,Norway,Medium Grade
STENA,Stena Aktiebolag,Industrials,Europe,Sweden,Medium Grade
STGOBN,Cie de St Gobain,Industrials,Europe,France,Medium Grade
STLIFE-LifeAss,STANDARD LIFE Assurn Ltd,Financials,Europe,United Kingdom,Medium Grade
STM,Stmicroelectronics N V,Technology,Europe,Netherlands,High Grade
STORA,Stora Enso CORP,Basic Materials,Europe,Finland,Medium Grade
SVSKHB,Svenska Handelsbanken AB,Financials,Europe,Sweden,High Grade
SWED,Kdom Sweden,Government,Europe,Sweden,Medium Grade
SWEDBK,Swedbank AB,Financials,Europe,Sweden,High Grade
SWEMAT,Swedish Match AB,Consumer Goods,Europe,Sweden,Speculative Grade
SWISS,Swiss Confederation,Government,Europe,Switzerland,Medium Grade
SWLHLD,Swiss Life Hldg Ltd,Financials,Europe,Switzerland,Medium Grade
SWREL,Swiss Reins Co Ltd,Financials,Europe,Switzerland,Medium Grade
SWSL,Swiss Life Ltd,Financials,Europe,Switzerland,Medium Grade
SXLTD,SIX CONTINENTS LTD,Consumer Services,Europe,United Kingdom,Medium Grade
SYNNVX,Syngenta AG,Basic Materials,Europe,Switzerland,High Grade
TATAGP-CORUSLTD,CORUS GROUP Ltd,Basic Materials,Europe,United Kingdom,Speculative Grade
TATELN,Tate & Lyle PLC,Consumer Goods,Europe,United Kingdom,Speculative Grade
TELDAN,TDC A/S,Telecommunications,Europe,Denmark,Speculative Grade
TELEFO,Telefonica S A,Telecommunications,Europe,Spain,Speculative Grade
TELNOR,Telenor ASA,Telecommunications,Europe,Norway,High Grade
TFIFP,Societe Television Francaise 1,Consumer Services,Europe,France,Medium Grade
TIIMN,Telecom Italia SpA,Telecommunications,Europe,Italy,Medium Grade
TKA,Telekom Austria AG,Telecommunications,Europe,Austria,Speculative Grade
TKAGR,ThyssenKrupp AG,Industrials,Europe,Germany,Speculative Grade
TMSNRP-TRGL,THOMSON REUTERS GROUP Ltd,Consumer Services,Europe,United Kingdom,Medium Grade
TNET,Telenet Group Hldg Nv,Consumer Services,Europe,Belgium,Medium Grade
TOTALN,Total SA,Oil & Gas,Europe,France,Medium Grade
TSCO,Tesco PLC,Consumer Services,Europe,United Kingdom,Speculative Grade
TWPLC,TAYLOR WIMPEY PLC,Consumer Goods,Europe,United Kingdom,Medium Grade
TYECOG,Tyco Electrs Group SA,Industrials,Europe,Luxembourg,Medium Grade
UBS,UBS AG,Financials,Europe,Switzerland,High Grade
UCBAG,UniCredit Bk AG,Financials,Europe,Germany,Unknown
UKIN,Utd Kdom Gt Britn & Nthn Irlnd,Government,Europe,United Kingdom,Medium Grade
ULVR,Unilever N V,Consumer Goods,Europe,Netherlands,Speculative Grade
UPMKYM,UPM Kymmene CORP,Basic Materials,Europe,Finland,Medium Grade
USPA,UniCredit SpA,Financials,Europe,Italy,Medium Grade
UU,Utd Utils plc,Utilities,Europe,United Kingdom,High Grade
VEOLIA,Veolia Environnement,Utilities,Europe,France,High Grade
VINCI,Vinci,Industrials,Europe,France,Medium Grade
VIRFIN,VIRGIN MEDIA Fin PLC,Telecommunications,Europe,United Kingdom,Medium Grade
VIVNDI,Vivendi,Telecommunications,Europe,France,Medium Grade
VLOF,Valeo,Consumer Goods,Europe,France,Medium Grade
VLVY,AB Volvo,Industrials,Europe,Sweden,High Grade
VLVY-Treasury,Volvo Treas AB,Industrials,Europe,Sweden,High Grade
VOD,Vodafone Gp PLC,Telecommunications,Europe,United Kingdom,Medium Grade
VW,Volkswagen AG,Consumer Goods,Europe,Germany,High Grade
WEINBG,Wienerberger Ag,Industrials,Europe,Austria,Medium Grade
WENL,WENDEL,Financials,Europe,France,Medium Grade
WINDAQ,Wind Acquisition Fin SA,Financials,Europe,Luxembourg,Speculative Grade
WOLKLU,Wolters Kluwer N V,Consumer Services,Europe,Netherlands,Medium Grade
WPPGRP-2005,WPP 2005 Ltd,Consumer Services,Europe,United Kingdom,Speculative Grade
YORPOW,Yorkshire Pwr Gp Ltd,Utilities,Europe,United Kingdom,Medium Grade
ZINCO,Zurich Ins Co Ltd,Financials,Europe,Switzerland,High Grade
